freq_hz,level_dbuv
9000.000,45.488
9018.274,43.329
9036.586,46.187
9054.935,46.484
9073.321,41.850
9091.744,42.881
9110.205,45.162
9128.703,44.445
9147.239,44.917
9165.812,43.572
9184.424,46.337
9203.073,46.167
9221.759,45.021
9240.484,46.712
9259.247,45.649
9278.048,43.519
9296.887,45.477
9315.764,43.346
9334.680,46.279
9353.634,44.786
9372.626,44.563
9391.658,43.763
9410.727,46.801
9429.836,44.591
9448.983,44.146
9468.169,44.260
9487.394,45.668
9506.658,45.394
9525.962,45.463
9545.304,45.485
9564.686,48.215
9584.107,44.131
9603.567,43.955
9623.067,43.465
9642.607,45.746
9662.186,46.560
9681.805,44.564
9701.464,43.395
9721.163,43.413
9740.902,45.766
9760.681,45.907
9780.500,45.580
9800.359,43.639
9820.259,45.068
9840.199,44.877
9860.179,45.033
9880.200,46.070
9900.262,45.027
9920.364,45.748
9940.508,44.763
9960.692,45.110
9980.917,45.651
10001.183,42.302
10021.491,44.115
10041.839,43.867
10062.229,43.590
10082.661,44.165
10103.133,46.990
10123.648,43.206
10144.204,46.133
10164.802,41.885
10185.441,44.034
10206.123,44.823
10226.846,45.494
10247.612,45.687
10268.420,45.811
10289.270,43.977
10310.162,43.788
10331.097,45.894
10352.074,44.208
10373.094,42.466
10394.156,42.686
10415.262,43.021
10436.410,45.281
10457.601,44.706
10478.835,45.576
10500.112,43.781
10521.433,44.711
10542.796,45.451
10564.204,43.948
10585.654,45.167
10607.148,43.370
10628.686,43.841
10650.268,43.804
10671.893,42.495
10693.562,45.180
10715.276,43.643
10737.033,44.407
10758.834,45.149
10780.680,45.087
10802.570,45.430
10824.505,44.201
10846.484,43.674
10868.508,44.217
10890.576,41.638
10912.690,42.015
10934.848,42.207
10957.051,42.721
10979.299,44.949
11001.593,42.854
11023.931,43.690
11046.315,46.367
11068.745,43.711
11091.220,45.454
11113.741,42.773
11136.307,43.931
11158.919,42.733
11181.578,43.703
11204.282,45.583
11227.032,41.468
11249.828,44.920
11272.671,44.598
11295.560,43.260
11318.496,41.890
11341.478,44.312
11364.507,43.342
11387.583,44.555
11410.705,44.210
11433.874,46.731
11457.091,43.778
11480.355,42.517
11503.665,44.434
11527.024,44.492
11550.429,46.308
11573.882,45.462
11597.383,44.690
11620.931,46.453
11644.528,42.203
11668.172,43.074
11691.864,42.608
11715.604,43.460
11739.393,41.874
11763.230,45.086
11787.115,43.707
11811.049,41.702
11835.031,42.424
11859.062,44.543
11883.142,45.375
11907.270,47.222
11931.448,48.683
11955.675,44.676
11979.951,42.423
12004.276,40.588
12028.651,44.421
12053.075,42.684
12077.549,43.314
12102.072,42.992
12126.645,43.739
12151.269,45.663
12175.942,44.201
12200.665,43.689
12225.438,42.279
12250.262,41.249
12275.136,43.144
12300.061,43.829
12325.036,46.736
12350.062,44.109
12375.139,45.466
12400.266,43.088
12425.445,41.984
12450.675,42.328
12475.956,42.705
12501.288,47.264
12526.672,42.537
12552.108,45.186
12577.595,42.392
12603.133,45.321
12628.724,44.439
12654.367,43.565
12680.061,43.744
12705.808,42.754
12731.607,44.509
12757.459,43.060
12783.363,41.820
12809.319,41.729
12835.329,44.043
12861.391,46.286
12887.506,44.009
12913.674,43.556
12939.895,44.196
12966.170,45.821
12992.497,44.075
13018.879,43.060
13045.313,45.480
13071.802,44.389
13098.344,46.153
13124.940,43.982
13151.590,41.723
13178.295,41.486
13205.053,46.310
13231.866,46.419
13258.733,43.367
13285.655,43.034
13312.632,45.978
13339.663,41.862
13366.749,42.194
13393.890,44.648
13421.086,42.980
13448.338,43.596
13475.645,43.336
13503.007,44.131
13530.425,45.835
13557.898,43.721
13585.428,44.600
13613.013,40.282
13640.654,43.477
13668.351,42.199
13696.105,41.591
13723.915,42.129
13751.781,42.992
13779.704,44.985
13807.684,41.391
13835.720,43.555
13863.814,42.724
13891.964,42.968
13920.172,45.089
13948.437,44.339
13976.759,45.611
14005.139,43.216
14033.576,42.343
14062.071,43.091
14090.624,43.830
14119.235,43.718
14147.904,41.693
14176.632,43.566
14205.417,43.779
14234.261,47.435
14263.164,46.403
14292.125,42.028
14321.145,42.926
14350.224,41.038
14379.362,42.427
14408.560,43.870
14437.816,45.287
14467.132,42.184
14496.508,42.297
14525.943,39.901
14555.438,43.069
14584.993,41.623
14614.607,42.469
14644.282,41.906
14674.017,43.151
14703.813,40.482
14733.669,40.940
14763.586,46.687
14793.563,41.213
14823.601,41.511
14853.701,46.198
14883.861,47.900
14914.083,41.371
14944.366,42.649
14974.710,43.778
15005.116,45.990
15035.584,41.638
15066.114,42.817
15096.706,44.447
15127.360,43.891
15158.076,42.587
15188.854,42.968
15219.695,40.975
15250.599,42.787
15281.565,42.734
15312.594,43.525
15343.686,42.258
15374.842,43.894
15406.060,44.753
15437.342,43.374
15468.688,43.681
15500.097,43.196
15531.570,43.104
15563.106,41.943
15594.707,43.597
15626.372,42.927
15658.102,46.425
15689.895,45.586
15721.754,43.679
15753.677,41.834
15785.664,41.268
15817.717,44.947
15849.835,43.454
15882.018,43.795
15914.267,40.228
15946.580,44.497
15978.960,43.733
16011.405,41.222
16043.916,42.237
16076.493,43.406
16109.137,43.061
16141.846,42.503
16174.622,42.798
16207.465,42.553
16240.374,43.193
16273.350,45.297
16306.393,38.828
16339.503,42.549
16372.680,43.203
16405.925,43.388
16439.237,42.312
16472.617,40.089
16506.065,43.418
16539.580,45.650
16573.164,40.425
16606.816,44.254
16640.536,42.339
16674.324,42.759
16708.182,41.166
16742.107,42.308
16776.102,44.916
16810.166,43.762
16844.299,45.594
16878.501,44.699
16912.773,43.511
16947.115,45.591
16981.526,43.497
17016.007,44.112
17050.558,42.306
17085.179,42.879
17119.870,41.650
17154.632,44.342
17189.464,40.867
17224.368,43.997
17259.342,42.433
17294.387,44.605
17329.503,43.925
17364.690,45.630
17399.949,43.879
17435.280,40.187
17470.682,42.588
17506.156,40.813
17541.703,41.852
17577.321,45.092
17613.012,43.687
17648.775,41.542
17684.611,41.031
17720.519,42.699
17756.501,40.693
17792.555,41.558
17828.683,43.124
17864.884,44.466
17901.159,43.585
17937.507,38.938
17973.929,43.084
18010.425,42.705
18046.995,43.245
18083.640,45.162
18120.358,39.267
18157.152,41.616
18194.020,43.500
18230.963,40.017
18267.981,44.902
18305.074,43.123
18342.242,43.881
18379.486,41.606
18416.806,43.814
18454.201,44.215
18491.672,42.871
18529.219,42.866
18566.843,42.917
18604.543,41.096
18642.319,42.234
18680.172,42.219
18718.102,43.069
18756.110,44.049
18794.194,40.748
18832.355,42.235
18870.594,44.798
18908.911,41.231
18947.306,41.098
18985.778,42.730
19024.329,43.750
19062.958,42.411
19101.665,44.512
19140.451,43.749
19179.315,43.718
19218.259,43.251
19257.282,46.081
19296.383,42.022
19335.565,39.137
19374.825,44.903
19414.166,41.597
19453.586,42.495
19493.087,44.410
19532.668,39.744
19572.329,40.298
19612.070,39.732
19651.892,41.016
19691.796,42.983
19731.780,43.111
19771.845,42.708
19811.992,39.998
19852.220,38.555
19892.530,42.331
19932.922,41.483
19973.395,42.965
20013.951,43.346
20054.590,42.437
20095.310,43.425
20136.114,42.569
20177.000,43.043
20217.970,41.061
20259.022,41.894
20300.158,42.489
20341.377,43.480
20382.681,41.530
20424.068,42.987
20465.539,41.720
20507.094,41.951
20548.733,43.459
20590.458,38.936
20632.266,40.043
20674.160,39.739
20716.139,38.370
20758.203,41.011
20800.353,43.288
20842.588,41.627
20884.908,42.392
20927.315,43.811
20969.808,44.185
21012.387,41.944
21055.053,44.213
21097.805,42.187
21140.644,40.693
21183.570,41.075
21226.583,39.650
21269.684,40.591
21312.872,41.432
21356.148,43.283
21399.511,44.744
21442.963,39.772
21486.503,42.605
21530.131,40.305
21573.848,42.722
21617.654,41.746
21661.548,39.019
21705.532,43.427
21749.605,40.966
21793.768,41.073
21838.020,40.209
21882.362,40.866
21926.794,42.591
21971.316,41.596
22015.929,42.418
22060.632,42.464
22105.426,43.991
22150.311,41.322
22195.287,39.501
22240.355,43.564
22285.514,41.319
22330.765,43.626
22376.107,42.449
22421.542,41.619
22467.069,42.380
22512.688,44.936
22558.400,45.131
22604.205,41.911
22650.103,42.050
22696.094,43.508
22742.178,40.426
22788.356,42.305
22834.628,41.724
22880.993,42.260
22927.453,40.418
22974.007,39.201
23020.656,38.420
23067.399,39.942
23114.238,40.989
23161.171,41.247
23208.200,44.808
23255.324,43.471
23302.544,40.155
23349.860,42.244
23397.271,41.029
23444.779,41.219
23492.384,41.963
23540.085,42.650
23587.883,41.110
23635.779,43.348
23683.771,39.811
23731.861,41.641
23780.048,45.781
23828.334,41.974
23876.717,43.903
23925.199,41.750
23973.779,42.525
24022.457,41.498
24071.235,41.309
24120.112,40.328
24169.087,42.256
24218.163,40.198
24267.338,42.619
24316.612,43.283
24365.987,42.126
24415.462,41.075
24465.038,42.252
24514.714,41.025
24564.491,43.008
24614.369,38.574
24664.349,40.960
24714.430,38.305
24764.612,39.091
24814.897,43.658
24865.283,42.901
24915.772,40.311
24966.364,39.051
25017.058,36.705
25067.855,40.571
25118.755,45.307
25169.759,42.123
25220.866,40.525
25272.077,42.157
25323.392,38.908
25374.811,40.923
25426.334,41.551
25477.962,41.247
25529.695,42.643
25581.533,41.922
25633.476,42.433
25685.525,40.255
25737.680,42.786
25789.940,43.949
25842.306,39.783
25894.779,39.908
25947.358,43.458
26000.044,41.008
26052.837,43.553
26105.738,40.592
26158.745,43.621
26211.860,41.496
26265.084,41.692
26318.415,43.775
26371.854,40.686
26425.402,39.752
26479.059,40.533
26532.825,41.967
26586.700,38.731
26640.684,42.250
26694.778,40.360
26748.981,43.052
26803.295,37.378
26857.719,39.943
26912.254,38.496
26966.899,39.865
27021.655,41.577
27076.523,40.886
27131.501,40.761
27186.592,40.904
27241.794,41.477
27297.109,39.531
27352.535,42.269
27408.075,42.191
27463.727,41.740
27519.492,42.007
27575.370,41.584
27631.362,44.359
27687.467,40.956
27743.686,40.597
27800.020,39.876
27856.468,39.423
27913.030,39.076
27969.708,39.638
28026.500,40.940
28083.408,41.581
28140.431,41.121
28197.570,39.807
28254.825,42.465
28312.197,42.201
28369.684,40.756
28427.289,39.959
28485.011,41.874
28542.849,41.291
28600.806,38.666
28658.879,40.867
28717.071,41.388
28775.381,39.522
28833.809,41.258
28892.356,38.620
28951.022,43.079
29009.807,42.930
29068.712,40.523
29127.736,41.501
29186.879,37.057
29246.143,39.055
29305.528,40.428
29365.032,39.176
29424.658,42.027
29484.405,44.073
29544.273,38.988
29604.262,39.523
29664.374,41.233
29724.607,43.427
29784.963,38.886
29845.441,41.233
29906.042,43.742
29966.766,38.178
30027.614,38.764
30088.585,40.129
30149.680,39.967
30210.899,42.093
30272.242,41.172
30333.709,37.939
30395.302,41.596
30457.020,39.840
30518.862,42.797
30580.831,39.746
30642.925,39.725
30705.146,41.602
30767.492,41.950
30829.966,41.439
30892.566,38.018
30955.293,41.569
31018.148,39.046
31081.130,41.070
31144.240,38.409
31207.479,41.394
31270.845,39.382
31334.341,38.614
31397.965,41.801
31461.718,41.038
31525.601,39.662
31589.614,42.959
31653.757,39.925
31718.030,40.675
31782.433,41.047
31846.967,39.618
31911.632,41.356
31976.429,39.742
32041.357,39.930
32106.417,42.761
32171.609,38.909
32236.933,36.707
32302.390,43.138
32367.980,44.632
32433.703,39.898
32499.560,37.440
32565.550,40.035
32631.674,40.067
32697.933,40.214
32764.326,38.729
32830.854,41.431
32897.517,41.336
32964.315,38.099
33031.249,41.601
33098.319,43.760
33165.525,40.744
33232.868,39.922
33300.347,40.227
33367.963,41.432
33435.717,37.671
33503.608,40.696
33571.637,39.801
33639.804,43.376
33708.110,40.133
33776.554,43.074
33845.137,38.632
33913.860,41.331
33982.722,40.895
34051.723,38.986
34120.865,40.654
34190.148,42.303
34259.571,39.838
34329.135,37.641
34398.840,40.313
34468.687,38.891
34538.675,39.780
34608.806,40.190
34679.079,37.584
34749.495,37.721
34820.054,41.071
34890.756,39.456
34961.601,36.182
35032.591,41.534
35103.724,40.707
35175.002,39.122
35246.425,38.150
35317.993,41.587
35389.706,40.802
35461.565,44.048
35533.569,40.901
35605.720,40.842
35678.018,39.948
35750.462,41.515
35823.053,41.201
35895.792,42.196
35968.678,39.352
36041.712,39.483
36114.895,39.406
36188.226,41.431
36261.706,42.556
36335.336,39.417
36409.114,39.465
36483.043,40.640
36557.122,39.737
36631.351,41.646
36705.731,36.513
36780.262,38.786
36854.944,38.850
36929.778,36.382
37004.764,38.546
37079.902,38.617
37155.192,39.752
37230.636,41.847
37306.233,39.668
37381.983,38.403
37457.887,39.954
37533.945,41.717
37610.158,38.470
37686.525,38.568
37763.047,40.911
37839.725,39.656
37916.559,41.039
37993.548,39.974
38070.694,41.112
38147.996,38.326
38225.456,39.956
38303.073,39.631
38380.847,38.016
38458.779,37.452
38536.870,41.044
38615.119,39.378
38693.527,38.297
38772.094,39.772
38850.820,41.724
38929.707,36.263
39008.753,37.510
39087.961,38.421
39167.329,42.228
39246.858,40.336
39326.549,41.104
39406.401,38.045
39486.416,38.071
39566.593,40.572
39646.933,39.942
39727.436,40.719
39808.102,39.534
39888.932,40.272
39969.927,40.073
40051.086,41.057
40132.409,41.097
40213.898,37.207
40295.552,36.196
40377.372,41.388
40459.358,41.678
40541.511,38.138
40623.830,36.788
40706.317,39.915
40788.971,41.239
40871.793,42.619
40954.783,40.562
41037.942,39.134
41121.269,38.292
41204.766,39.733
41288.432,39.228
41372.268,38.076
41456.274,42.971
41540.451,42.542
41624.799,41.497
41709.318,38.199
41794.009,41.033
41878.871,40.681
41963.906,40.359
42049.114,41.643
42134.495,40.653
42220.049,40.814
42305.776,40.642
42391.678,40.161
42477.754,36.755
42564.005,39.735
42650.431,38.705
42737.033,37.540
42823.811,42.271
42910.764,42.340
42997.894,41.741
43085.202,39.968
43172.686,41.713
43260.348,39.565
43348.188,39.863
43436.206,37.782
43524.404,40.159
43612.780,39.614
43701.335,37.426
43790.071,39.421
43878.987,39.368
43968.083,42.365
44057.360,40.913
44146.818,39.493
44236.458,39.866
44326.280,39.531
44416.285,39.129
44506.472,37.715
44596.842,39.198
44687.396,38.239
44778.134,37.425
44869.055,40.236
44960.162,40.037
45051.453,36.546
45142.930,39.201
45234.593,40.983
45326.442,41.078
45418.477,41.017
45510.699,39.431
45603.108,38.010
45695.705,37.621
45788.490,39.899
45881.464,39.948
45974.626,41.394
46067.978,41.087
46161.518,39.108
46255.249,37.322
46349.170,38.795
46443.282,39.646
46537.585,38.968
46632.080,38.360
46726.766,39.682
46821.645,38.464
46916.716,38.258
47011.980,39.755
47107.438,38.606
47203.090,39.633
47298.935,39.672
47394.976,37.405
47491.211,38.451
47587.642,41.514
47684.269,37.348
47781.091,35.813
47878.111,36.214
47975.327,39.232
48072.741,39.228
48170.352,38.984
48268.162,41.107
48366.171,34.881
48464.378,39.784
48562.785,41.642
48661.392,37.332
48760.198,38.522
48859.206,37.918
48958.414,37.684
49057.824,38.586
49157.436,41.385
49257.250,42.034
49357.267,38.550
49457.487,42.128
49557.910,39.130
49658.537,41.872
49759.369,38.910
49860.405,39.262
49961.647,39.630
50063.094,44.124
50164.747,40.393
50266.606,37.892
50368.672,40.567
50470.946,38.431
50573.427,38.219
50676.116,40.449
50779.014,39.038
50882.121,39.427
50985.437,38.997
51088.962,39.506
51192.698,39.640
51296.645,35.854
51400.803,40.013
51505.172,37.368
51609.753,36.624
51714.547,38.832
51819.553,39.052
51924.772,37.801
52030.206,40.234
52135.853,36.749
52241.714,38.239
52347.791,37.947
52454.083,38.801
52560.591,39.315
52667.315,37.249
52774.256,40.013
52881.414,38.948
52988.790,35.813
53096.383,35.700
53204.195,38.807
53312.226,38.466
53420.477,38.647
53528.947,38.760
53637.637,39.159
53746.549,40.307
53855.681,37.006
53965.035,36.902
54074.610,37.021
54184.409,39.225
54294.430,40.748
54404.675,38.059
54515.143,34.739
54625.836,36.008
54736.754,37.395
54847.897,37.828
54959.265,38.060
55070.860,38.768
55182.681,38.201
55294.730,40.371
55407.005,37.604
55519.509,37.299
55632.242,39.438
55745.203,36.207
55858.393,39.281
55971.814,38.814
56085.464,38.407
56199.346,41.177
56313.458,37.634
56427.803,41.918
56542.379,38.254
56657.188,36.565
56772.231,38.713
56887.506,36.872
57003.016,37.384
57118.761,39.215
57234.740,39.462
57350.955,37.570
57467.406,40.138
57584.094,40.404
57701.018,40.843
57818.180,39.384
57935.580,40.712
58053.218,35.514
58171.095,38.008
58289.211,37.122
58407.567,38.693
58526.164,37.581
58645.001,38.222
58764.079,41.493
58883.400,38.202
59002.962,39.129
59122.768,38.088
59242.816,38.574
59363.109,38.455
59483.645,39.156
59604.427,40.296
59725.453,41.060
59846.726,38.913
59968.245,39.354
60090.010,36.562
60212.023,38.256
60334.283,39.894
60456.792,39.768
60579.549,38.714
60702.556,39.787
60825.812,39.146
60949.319,40.275
61073.076,38.810
61197.085,37.771
61321.345,38.870
61445.858,33.637
61570.624,38.932
61695.643,32.474
61820.916,35.547
61946.443,39.021
62072.225,39.055
62198.263,36.424
62324.556,37.137
62451.106,40.462
62577.913,37.488
62704.977,41.844
62832.299,38.245
62959.880,38.894
63087.720,40.821
63215.820,38.437
63344.179,36.617
63472.800,38.038
63601.681,38.149
63730.824,36.016
63860.229,37.783
63989.897,36.998
64119.829,39.657
64250.024,38.226
64380.483,37.711
64511.208,37.987
64642.198,38.507
64773.454,39.130
64904.976,36.536
65036.765,36.462
65168.822,39.889
65301.147,37.455
65433.741,35.841
65566.604,38.811
65699.737,38.835
65833.140,35.637
65966.814,38.447
66100.760,39.249
66234.977,38.664
66369.467,39.069
66504.230,35.804
66639.267,38.574
66774.578,37.553
66910.164,37.258
67046.025,39.416
67182.161,40.383
67318.575,40.880
67455.265,40.106
67592.233,37.819
67729.478,38.552
67867.003,39.208
68004.807,38.168
68142.890,38.176
68281.254,39.278
68419.899,37.858
68558.826,36.779
68698.034,37.275
68837.526,38.946
68977.300,37.929
69117.358,38.462
69257.701,38.982
69398.328,37.303
69539.242,39.106
69680.441,38.495
69821.927,35.906
69963.700,40.183
70105.761,37.067
70248.111,35.213
70390.750,36.182
70533.678,36.213
70676.896,37.923
70820.406,37.395
70964.206,37.287
71108.299,38.810
71252.684,38.355
71397.363,38.310
71542.335,38.453
71687.601,38.776
71833.163,34.411
71979.020,37.193
72125.173,34.281
72271.623,37.820
72418.371,37.748
72565.416,39.421
72712.760,39.641
72860.403,38.058
73008.346,36.926
73156.589,38.496
73305.133,36.868
73453.979,37.704
73603.127,39.277
73752.578,36.799
73902.333,38.974
74052.391,38.761
74202.755,36.143
74353.423,39.222
74504.398,38.774
74655.679,37.813
74807.267,36.423
74959.163,36.261
75111.367,36.768
75263.881,38.489
75416.704,36.085
75569.837,38.307
75723.282,35.613
75877.038,37.267
76031.106,37.761
76185.487,41.491
76340.181,35.368
76495.190,39.920
76650.513,37.798
76806.152,38.209
76962.107,37.733
77118.378,38.248
77274.967,37.284
77431.873,39.849
77589.098,36.785
77746.643,39.320
77904.507,36.470
78062.692,37.398
78221.198,35.772
78380.026,38.208
78539.177,39.785
78698.651,37.342
78858.448,37.144
79018.570,35.669
79179.017,37.078
79339.790,34.890
79500.889,35.970
79662.315,37.787
79824.070,39.527
79986.152,41.905
80148.564,36.464
80311.305,39.692
80474.377,37.779
80637.780,37.140
80801.515,38.067
80965.582,37.467
81129.983,37.537
81294.717,36.700
81459.786,35.109
81625.190,34.870
81790.930,38.377
81957.006,36.883
82123.419,36.364
82290.171,37.325
82457.261,38.576
82624.690,37.586
82792.459,36.240
82960.569,39.245
83129.020,39.803
83297.814,38.060
83466.950,38.820
83636.429,39.242
83806.253,39.056
83976.421,38.223
84146.935,38.191
84317.795,38.058
84489.002,35.464
84660.557,38.334
84832.460,35.036
85004.712,35.927
85177.314,39.277
85350.267,38.529
85523.570,39.557
85697.226,36.736
85871.234,35.320
86045.595,36.771
86220.310,37.312
86395.381,37.268
86570.806,38.949
86746.588,36.550
86922.727,37.684
87099.223,35.532
87276.078,37.827
87453.292,37.105
87630.866,35.893
87808.800,36.708
87987.095,36.784
88165.753,36.639
88344.773,39.899
88524.157,36.900
88703.905,36.660
88884.018,33.687
89064.497,35.606
89245.342,36.608
89426.555,35.925
89608.135,39.226
89790.084,36.744
89972.403,39.063
90155.092,37.093
90338.152,37.047
90521.583,36.838
90705.387,36.979
90889.564,39.716
91074.115,33.247
91259.041,33.749
91444.342,36.076
91630.020,36.961
91816.074,38.035
92002.506,37.680
92189.317,36.302
92376.508,38.540
92564.078,38.551
92752.029,37.190
92940.362,38.429
93129.077,37.317
93318.175,35.976
93507.658,37.984
93697.525,37.037
93887.777,36.855
94078.416,39.203
94269.442,32.918
94460.856,34.564
94652.659,34.926
94844.851,36.237
95037.433,36.403
95230.406,34.392
95423.772,35.220
95617.529,35.412
95811.681,40.714
96006.226,39.658
96201.166,36.110
96396.503,36.180
96592.236,34.916
96788.366,33.694
96984.894,36.553
97181.822,35.137
97379.149,36.590
97576.878,34.159
97775.007,35.493
97973.539,36.943
98172.474,37.284
98371.813,37.359
98571.557,34.571
98771.706,38.044
98972.262,35.389
99173.225,37.675
99374.596,36.639
99576.376,34.446
99778.566,36.136
99981.166,37.219
100184.177,37.608
100387.601,36.395
100591.438,39.064
100795.688,38.218
101000.354,36.189
101205.435,37.793
101410.932,39.679
101616.847,39.715
101823.180,34.606
102029.932,35.082
102237.103,38.933
102444.695,34.857
102652.709,34.427
102861.145,35.758
103070.004,37.201
103279.288,36.358
103488.996,35.474
103699.130,35.429
103909.691,35.361
104120.680,35.086
104332.096,40.137
104543.943,36.956
104756.219,37.891
104968.926,35.683
105182.065,36.161
105395.637,35.310
105609.643,32.202
105824.083,34.232
106038.959,33.533
106254.270,32.824
106470.019,34.504
106686.207,38.529
106902.833,36.331
107119.899,38.460
107337.405,37.046
107555.354,37.633
107773.745,34.932
107992.579,37.205
108211.858,37.526
108431.582,35.430
108651.752,37.241
108872.369,37.244
109093.434,35.452
109314.948,34.528
109536.912,34.423
109759.326,36.449
109982.192,36.827
110205.511,35.028
110429.283,36.332
110653.509,37.195
110878.191,37.264
111103.329,38.751
111328.924,38.304
111554.977,34.652
111781.489,38.941
112008.461,35.390
112235.894,37.905
112463.789,36.335
112692.147,35.559
112920.968,33.319
113150.253,35.930
113380.005,33.703
113610.223,37.738
113840.908,38.610
114072.062,34.901
114303.685,36.653
114535.778,35.002
114768.343,35.150
115001.380,37.388
115234.890,36.080
115468.874,38.918
115703.333,35.356
115938.269,37.719
116173.681,36.269
116409.571,37.379
116645.941,35.384
116882.790,36.013
117120.120,35.900
117357.932,34.740
117596.227,37.130
117835.006,37.104
118074.270,37.006
118314.020,38.509
118554.256,38.362
118794.980,35.436
119036.193,36.625
119277.896,35.024
119520.089,36.052
119762.775,35.048
120005.953,38.592
120249.624,36.575
120493.791,35.637
120738.453,37.889
120983.613,32.499
121229.270,32.743
121475.425,37.231
121722.081,36.048
121969.237,36.345
122216.896,33.815
122465.057,35.893
122713.722,39.128
122962.892,37.234
123212.568,36.180
123462.750,35.199
123713.441,35.263
123964.641,32.481
124216.351,36.293
124468.572,37.226
124721.305,33.345
124974.552,34.801
125228.312,34.000
125482.588,34.301
125737.380,35.924
125992.690,32.496
126248.517,36.807
126504.865,37.023
126761.733,35.408
127019.122,31.834
127277.034,34.202
127535.470,37.762
127794.430,31.337
128053.917,35.219
128313.930,33.880
128574.471,37.048
128835.541,34.673
129097.141,36.393
129359.273,36.644
129621.937,38.670
129885.134,35.401
130148.865,36.320
130413.132,33.335
130677.936,37.609
130943.277,34.480
131209.157,34.793
131475.577,35.648
131742.538,33.176
132010.041,36.035
132278.087,37.210
132546.677,36.124
132815.813,33.106
133085.495,35.443
133355.725,36.821
133626.504,32.622
133897.832,33.900
134169.711,37.015
134442.142,36.038
134715.127,36.258
134988.666,38.567
135262.760,36.334
135537.411,36.630
135812.619,39.908
136088.386,35.221
136364.713,34.280
136641.602,36.234
136919.052,36.245
137197.066,34.692
137475.644,33.876
137754.788,39.217
138034.499,36.037
138314.778,34.335
138595.626,36.965
138877.044,35.318
139159.033,35.081
139441.595,36.378
139724.731,33.405
140008.442,36.029
140292.729,38.518
140577.593,36.196
140863.035,34.842
141149.058,34.625
141435.660,34.773
141722.845,35.016
142010.613,34.811
142298.965,36.874
142587.903,32.628
142877.428,36.773
143167.540,34.780
143458.241,35.983
143749.533,33.570
144041.416,37.492
144333.892,37.352
144626.961,36.887
144920.626,32.921
145214.887,36.664
145509.746,35.979
145805.203,32.755
146101.260,35.278
146397.918,35.893
146695.179,36.192
146993.043,35.579
147291.512,35.754
147590.587,37.639
147890.270,37.236
148190.561,30.680
148491.461,34.752
148792.973,34.990
149095.097,32.443
149397.834,35.390
149701.186,37.230
150005.154,33.487
150309.739,35.756
150614.942,33.746
150920.766,34.129
151227.210,37.561
151534.277,34.322
151841.967,35.922
152150.281,32.182
152459.222,38.148
152768.790,36.126
153078.987,34.863
153389.814,36.068
153701.271,32.885
154013.361,37.026
154326.085,34.608
154639.444,34.793
154953.439,34.326
155268.072,34.176
155583.343,36.210
155899.255,35.501
156215.808,36.127
156533.004,35.063
156850.843,35.891
157169.329,34.393
157488.461,38.624
157808.241,32.540
158128.670,37.059
158449.750,37.223
158771.482,33.664
159093.867,38.588
159416.907,36.606
159740.602,36.560
160064.955,35.044
160389.967,34.645
160715.638,34.650
161041.971,35.603
161368.966,37.213
161696.626,35.254
162024.950,33.499
162353.942,36.269
162683.601,36.417
163013.930,35.984
163344.929,36.122
163676.601,34.489
164008.946,33.429
164341.965,33.519
164675.661,32.284
165010.035,35.273
165345.088,34.754
165680.820,34.177
166017.235,30.146
166354.333,32.874
166692.115,36.658
167030.583,33.798
167369.738,35.436
167709.582,32.635
168050.116,37.166
168391.341,34.644
168733.259,35.356
169075.872,38.641
169419.180,37.388
169763.185,34.532
170107.889,34.160
170453.293,34.707
170799.398,36.205
171146.206,35.436
171493.718,35.253
171841.935,38.594
172190.860,36.522
172540.493,40.956
172890.836,38.126
173241.891,41.691
173593.658,40.424
173946.139,42.589
174299.337,41.273
174653.251,42.643
175007.884,46.509
175363.237,49.299
175719.312,49.883
176076.110,49.991
176433.632,52.193
176791.880,54.450
177150.855,56.255
177510.560,61.534
177870.995,65.296
178232.161,65.408
178594.061,63.481
178956.696,68.138
179320.067,69.160
179684.176,73.349
180049.025,67.814
180414.614,69.241
180780.945,71.896
181148.021,68.792
181515.841,67.522
181884.409,65.045
182253.725,63.381
182623.790,61.903
182994.608,57.047
183366.178,57.374
183738.502,51.401
184111.583,51.808
184485.421,49.355
184860.019,46.007
185235.376,45.046
185611.496,42.357
185988.380,40.100
186366.029,39.902
186744.445,37.540
187123.629,38.836
187503.583,35.654
187884.309,37.953
188265.808,34.369
188648.081,34.909
189031.130,34.463
189414.958,37.307
189799.564,35.502
190184.952,34.471
190571.122,35.484
190958.076,31.222
191345.816,34.455
191734.343,37.668
192123.660,34.645
192513.766,34.513
192904.665,35.259
193296.358,35.797
193688.845,31.154
194082.130,31.647
194476.214,34.665
194871.097,33.175
195266.782,36.410
195663.271,33.799
196060.565,31.200
196458.666,32.259
196857.574,29.882
197257.293,33.899
197657.824,33.965
198059.168,33.580
198461.326,35.979
198864.302,36.163
199268.095,33.966
199672.709,30.816
200078.144,35.212
200484.402,35.106
200891.485,34.705
201299.395,35.774
201708.133,32.332
202117.701,37.403
202528.100,32.647
202939.333,35.374
203351.401,31.468
203764.305,32.672
204178.048,36.580
204592.631,33.729
205008.056,35.484
205424.325,34.512
205841.438,33.958
206259.399,36.301
206678.208,33.733
207097.868,31.255
207518.380,32.812
207939.745,34.972
208361.966,34.716
208785.045,31.569
209208.983,32.910
209633.781,33.131
210059.442,33.470
210485.967,31.847
210913.358,33.036
211341.618,32.868
211770.746,35.261
212200.746,35.315
212631.619,33.780
213063.367,33.379
213495.992,34.223
213929.495,32.685
214363.879,32.150
214799.144,32.473
215235.293,32.955
215672.328,32.102
216110.250,34.216
216549.062,35.117
216988.764,31.403
217429.359,33.976
217870.849,33.576
218313.235,34.468
218756.520,33.894
219200.704,31.581
219645.791,31.880
220091.781,33.940
220538.677,35.532
220986.480,30.336
221435.193,34.425
221884.817,35.768
222335.353,33.613
222786.805,34.731
223239.173,32.719
223692.460,33.646
224146.667,31.236
224601.796,30.072
225057.849,35.324
225514.829,32.233
225972.736,33.073
226431.573,31.576
226891.342,31.531
227352.045,33.502
227813.682,32.606
228276.258,34.371
228739.772,34.483
229204.228,34.266
229669.626,34.127
230135.970,36.262
230603.261,32.023
231071.500,33.636
231540.690,35.529
232010.833,35.733
232481.930,31.428
232953.985,33.196
233426.997,35.862
233900.970,34.495
234375.906,33.987
234851.805,33.319
235328.671,33.046
235806.506,34.115
236285.310,33.243
236765.087,33.571
237245.838,33.758
237727.565,32.540
238210.271,34.470
238693.956,38.274
239178.624,30.761
239664.275,34.116
240150.913,32.374
240638.539,34.507
241127.155,33.650
241616.763,34.788
242107.365,35.443
242598.964,33.863
243091.561,35.359
243585.157,29.790
244079.757,36.078
244575.360,34.127
245071.970,35.244
245569.588,31.561
246068.216,32.176
246567.857,33.732
247068.513,33.464
247570.185,33.937
248072.876,35.213
248576.587,30.646
249081.321,35.021
249587.080,33.469
250093.866,33.123
250601.681,31.088
251110.527,34.240
251620.407,29.565
252131.322,34.458
252643.274,31.027
253156.265,33.492
253670.298,33.209
254185.375,35.264
254701.498,33.100
255218.669,32.268
255736.890,32.561
256256.163,35.401
256776.491,34.216
257297.875,32.733
257820.318,32.965
258343.821,30.829
258868.388,33.951
259394.020,30.507
259920.719,34.518
260448.487,33.514
260977.327,37.120
261507.241,31.534
262038.231,33.123
262570.299,36.157
263103.447,35.179
263637.678,32.152
264172.994,33.617
264709.397,33.255
265246.889,33.696
265785.472,32.120
266325.149,33.088
266865.921,30.667
267407.792,33.433
267950.763,33.930
268494.836,32.839
269040.014,30.611
269586.300,34.770
270133.694,33.765
270682.200,32.013
271231.819,32.718
271782.555,30.759
272334.409,31.512
272887.383,32.286
273441.481,35.105
273996.703,32.109
274553.053,34.149
275110.532,32.257
275669.143,33.508
276228.889,32.878
276789.771,34.495
277351.792,32.236
277914.954,30.570
278479.260,30.869
279044.712,32.225
279611.311,31.074
280179.061,33.727
280747.964,32.327
281318.022,36.876
281889.238,30.306
282461.614,33.429
283035.151,31.324
283609.854,32.377
284185.723,33.445
284762.761,29.572
285340.971,33.769
285920.356,36.564
286500.916,32.961
287082.656,34.314
287665.576,35.803
288249.681,34.227
288834.971,33.954
289421.450,31.714
290009.119,36.933
290597.982,36.364
291188.041,35.650
291779.298,38.283
292371.755,38.036
292965.415,39.084
293560.281,41.915
294156.354,39.857
294753.638,44.742
295352.135,41.887
295951.846,44.083
296552.776,49.171
297154.926,48.752
297758.298,47.834
298362.896,46.752
298968.721,47.819
299575.776,49.008
300184.064,48.982
300793.587,48.614
301404.348,48.358
302016.349,47.536
302629.592,44.885
303244.081,45.544
303859.818,46.903
304476.804,42.241
305095.044,43.067
305714.539,40.977
306335.291,41.391
306957.304,39.544
307580.581,41.532
308205.122,39.046
308830.932,35.280
309458.013,37.680
310086.366,34.680
310715.996,34.396
311346.904,35.305
311979.094,33.578
312612.566,35.427
313247.326,32.457
313883.374,32.459
314520.713,32.202
315159.347,32.190
315799.277,34.730
316440.507,33.881
317083.039,35.536
317726.875,36.371
318372.019,31.050
319018.472,32.778
319666.239,30.757
320315.320,31.374
320965.720,31.594
321617.440,30.897
322270.483,30.894
322924.853,32.336
323580.551,30.611
324237.581,33.897
324895.944,31.073
325555.645,37.029
326216.685,31.804
326879.067,32.634
327542.795,30.439
328207.869,35.235
328874.295,34.289
329542.073,32.966
330211.208,30.329
330881.701,32.814
331553.555,30.675
332226.774,34.802
332901.360,33.750
333577.315,32.601
334254.643,28.543
334933.347,30.861
335613.428,33.528
336294.891,34.361
336977.737,34.188
337661.969,29.859
338347.591,32.882
339034.605,34.017
339723.014,29.732
340412.821,32.365
341104.028,32.809
341796.639,31.883
342490.657,29.393
343186.083,31.829
343882.922,31.819
344581.175,32.099
345280.847,31.427
345981.939,31.613
346684.454,32.251
347388.396,33.015
348093.768,31.813
348800.571,31.638
349508.810,32.434
350218.487,29.206
350929.605,33.035
351642.167,32.264
352356.175,32.322
353071.634,33.788
353788.545,29.119
354506.912,29.079
355226.737,32.668
355948.024,32.211
356670.776,32.488
357394.995,31.469
358120.685,33.265
358847.848,33.687
359576.488,32.962
360306.607,31.763
361038.209,28.801
361771.296,33.397
362505.872,34.114
363241.940,33.184
363979.502,30.738
364718.561,33.216
365459.121,33.508
366201.185,34.618
366944.756,30.715
367689.837,31.748
368436.430,33.299
369184.539,32.188
369934.168,30.301
370685.318,32.745
371437.994,33.001
372192.198,32.209
372947.933,32.412
373705.203,31.640
374464.011,34.412
375224.359,30.599
375986.252,31.093
376749.691,32.043
377514.680,33.425
378281.223,29.616
379049.322,29.908
379818.981,28.737
380590.203,32.043
381362.990,30.194
382137.347,31.361
382913.276,33.027
383690.780,30.936
384469.864,32.325
385250.529,31.469
386032.779,33.016
386816.618,32.694
387602.048,30.820
388389.073,31.650
389177.697,33.583
389967.921,32.535
390759.750,29.664
391553.187,32.941
392348.235,30.149
393144.897,34.138
393943.177,33.509
394743.078,32.327
395544.603,32.108
396347.755,31.515
397152.538,32.928
397958.956,31.242
398767.010,32.205
399576.706,33.216
400388.046,30.915
401201.033,30.821
402015.670,29.889
402831.962,30.090
403649.912,28.860
404469.522,32.947
405290.796,34.666
406113.739,34.045
406938.352,29.156
407764.639,32.910
408592.604,34.019
409422.251,31.006
410253.582,31.892
411086.601,28.510
411921.311,32.142
412757.716,30.007
413595.820,32.021
414435.625,29.196
415277.136,32.556
416120.355,33.319
416965.287,30.420
417811.934,29.847
418660.300,28.209
419510.389,31.226
420362.204,30.714
421215.748,29.156
422071.026,32.356
422928.040,30.904
423786.795,29.896
424647.293,30.722
425509.538,33.317
426373.535,32.560
427239.285,31.381
428106.794,32.572
428976.063,29.717
429847.098,31.619
430719.902,31.796
431594.478,30.802
432470.829,32.243
433348.960,30.291
434228.875,32.348
435110.575,32.408
435994.066,26.851
436879.351,33.416
437766.434,26.628
438655.318,30.511
439546.006,33.131
440438.504,30.976
441332.813,29.131
442228.938,29.720
443126.883,33.107
444026.651,28.384
444928.247,33.260
445831.672,31.363
446736.933,29.541
447644.031,30.517
448552.971,29.828
449463.757,32.852
450376.392,32.657
451290.880,28.763
452207.226,30.911
453125.431,30.239
454045.502,33.777
454967.440,29.668
455891.250,34.557
456816.937,32.150
457744.502,30.623
458673.952,31.754
459605.288,32.003
460538.516,31.801
461473.638,34.672
462410.659,33.372
463349.583,32.817
464290.413,36.828
465233.154,35.849
466177.809,38.998
467124.382,40.377
468072.877,42.218
469023.298,48.723
469975.649,47.620
470929.933,49.992
471886.155,48.842
472844.319,52.687
473804.429,56.035
474766.487,55.860
475730.500,60.556
476696.469,58.523
477664.401,61.031
478634.297,61.252
479606.163,62.787
480580.002,61.456
481555.819,61.628
482533.617,60.901
483513.400,58.988
484495.173,59.527
485478.940,57.471
486464.704,55.093
487452.469,52.552
488442.240,52.441
489434.021,48.689
490427.816,46.500
491423.628,45.152
492421.463,45.799
493421.324,39.172
494423.215,40.934
495427.140,35.224
496433.104,37.321
497441.110,38.381
498451.163,35.690
499463.267,34.377
500477.426,32.539
501493.644,32.937
502511.926,32.041
503532.276,30.833
504554.697,31.348
505579.194,31.912
506605.771,30.200
507634.433,30.009
508665.184,29.027
509698.027,31.756
510732.968,31.948
511770.010,31.406
512809.158,32.549
513850.416,31.121
514893.788,31.590
515939.279,31.434
516986.892,30.789
518036.633,30.076
519088.505,34.458
520142.514,30.184
521198.662,29.834
522256.955,31.586
523317.396,31.287
524379.991,28.629
525444.743,32.666
526511.658,30.712
527580.739,29.078
528651.990,32.751
529725.417,31.843
530801.023,28.811
531878.813,33.671
532958.792,31.874
534040.964,30.797
535125.333,33.351
536211.904,31.054
537300.681,30.747
538391.669,29.729
539484.872,31.709
540580.295,31.534
541677.942,30.787
542777.817,29.493
543879.927,30.958
544984.274,30.631
546090.863,28.602
547199.699,28.374
548310.787,31.626
549424.131,26.552
550539.735,31.036
551657.605,29.936
552777.745,32.787
553900.159,29.897
555024.852,31.735
556151.829,30.037
557281.094,30.847
558412.652,31.837
559546.507,29.911
560682.665,32.239
561821.130,29.047
562961.907,31.101
564105.000,32.099
565250.414,31.672
566398.153,33.675
567548.224,29.380
568700.629,28.388
569855.374,28.997
571012.464,31.637
572171.904,31.370
573333.698,30.730
574497.851,28.763
575664.367,31.780
576833.252,28.586
578004.511,32.393
579178.148,35.103
580354.168,31.111
581532.576,31.450
582713.376,29.722
583896.575,27.607
585082.175,29.532
586270.183,28.741
587460.604,28.167
588653.441,33.231
589848.701,30.905
591046.387,31.068
592246.506,29.959
593449.061,30.170
594654.058,31.983
595861.502,30.381
597071.397,31.275
598283.749,30.105
599498.563,29.864
600715.844,28.154
601935.596,27.233
603157.825,29.972
604382.535,30.474
605609.733,28.319
606839.422,30.314
608071.608,30.448
609306.296,26.906
610543.491,28.884
611783.199,30.993
613025.423,30.953
614270.170,28.481
615517.444,30.574
616767.251,31.949
618019.595,31.549
619274.483,30.146
620531.918,29.543
621791.907,29.278
623054.454,31.026
624319.565,30.583
625587.244,31.271
626857.498,30.468
628130.331,31.560
629405.748,30.394
630683.755,31.491
631964.357,31.622
633247.559,28.934
634533.367,27.321
635821.785,32.677
637112.820,30.611
638406.476,27.450
639702.759,29.044
641001.674,31.414
642303.227,29.725
643607.422,29.346
644914.266,32.400
646223.763,28.476
647535.919,28.868
648850.739,30.478
650168.229,30.758
651488.394,30.923
652811.240,31.583
654136.771,30.440
655464.995,30.905
656795.915,29.711
658129.538,30.233
659465.868,30.317
660804.912,30.509
662146.675,31.431
663491.163,31.125
664838.380,30.366
666188.333,29.080
667541.027,30.586
668896.467,30.567
670254.660,31.091
671615.611,34.524
672979.325,30.415
674345.808,32.242
675715.065,33.648
677087.103,32.530
678461.927,36.614
679839.543,32.834
681219.955,34.587
682603.171,33.478
683989.195,34.931
685378.034,36.668
686769.692,38.424
688164.177,38.387
689561.493,40.683
690961.646,39.274
692364.642,39.593
693770.487,45.070
695179.186,41.893
696590.746,40.512
698005.172,40.820
699422.470,40.549
700842.646,43.535
702265.705,41.286
703691.654,41.765
705120.499,41.022
706552.244,41.741
707986.897,38.566
709424.463,37.474
710864.948,38.775
712308.357,38.567
713754.698,37.317
715203.975,34.679
716656.195,36.274
718111.364,33.256
719569.488,32.920
721030.572,31.613
722494.623,34.637
723961.647,33.067
725431.649,32.584
726904.637,33.237
728380.615,35.425
729859.590,27.925
731341.568,29.261
732826.556,29.280
734314.559,28.763
735805.583,28.287
737299.634,29.443
738796.720,27.907
740296.845,30.335
741800.016,29.840
743306.239,30.495
744815.521,30.512
746327.867,30.644
747843.284,29.065
749361.778,33.043
750883.356,30.013
752408.023,26.648
753935.786,28.015
755466.651,26.826
757000.624,29.630
758537.712,29.400
760077.921,28.838
761621.258,32.798
763167.728,30.452
764717.338,30.728
766270.095,28.069
767826.005,27.953
769385.074,29.604
770947.309,29.815
772512.716,26.561
774081.301,29.235
775653.071,29.539
777228.033,29.165
778806.193,28.201
780387.557,28.632
781972.133,29.205
783559.925,29.627
785150.942,30.442
786745.189,31.197
788342.674,28.989
789943.402,28.723
791547.380,30.146
793154.615,30.416
794765.114,28.737
796378.883,30.690
797995.928,30.985
799616.257,31.478
801239.876,32.249
802866.792,28.011
804497.011,29.412
806130.541,29.401
807767.387,29.219
809407.557,28.330
811051.057,26.985
812697.895,29.503
814348.076,28.118
816001.608,29.478
817658.497,28.063
819318.751,27.567
820982.376,29.694
822649.379,29.554
824319.767,30.232
825993.546,32.796
827670.724,29.735
829351.308,30.060
831035.304,27.553
832722.719,27.211
834413.561,31.795
836107.836,27.778
837805.551,27.578
839506.713,29.179
841211.330,29.090
842919.408,27.784
844630.954,28.733
846345.975,31.181
848064.479,27.917
849786.472,26.970
851511.961,30.701
853240.954,29.973
854973.458,28.185
856709.480,26.640
858449.027,27.973
860192.106,29.070
861938.724,31.015
863688.889,27.485
865442.607,29.001
867199.886,30.209
868960.734,25.312
870725.157,30.769
872493.162,27.216
874264.758,29.632
876039.950,29.488
877818.747,30.822
879601.156,29.961
881387.185,25.269
883176.839,27.810
884970.128,29.280
886767.058,28.739
888567.636,29.809
890371.871,30.300
892179.769,30.004
893991.338,28.680
895806.586,26.062
897625.519,28.280
899448.146,29.668
901274.473,27.250
903104.509,29.998
904938.261,30.434
906775.736,29.177
908616.942,24.065
910461.887,26.915
912310.578,31.971
914163.022,28.072
916019.228,25.764
917879.203,30.909
919742.955,28.947
921610.491,30.687
923481.819,29.357
925356.947,29.642
927235.882,29.484
929118.633,30.017
931005.206,32.544
932895.610,30.455
934789.852,26.380
936687.941,29.635
938589.884,30.768
940495.689,30.898
942405.363,28.339
944318.915,30.954
946236.353,30.670
948157.683,33.433
950082.916,28.292
952012.057,28.911
953945.115,29.533
955882.099,29.620
957823.015,29.461
959767.873,27.058
961716.679,31.507
963669.443,33.662
965626.172,33.309
967586.873,38.391
969551.556,36.686
971520.229,40.274
973492.898,40.337
975469.574,43.105
977450.262,44.221
979434.973,48.053
981423.714,48.097
983416.492,50.954
985413.317,52.853
987414.197,53.809
989419.139,56.757
991428.153,61.301
993441.245,58.637
995458.426,60.762
997479.702,62.769
999505.082,62.864
1001534.575,60.951
1003568.189,56.624
1005605.932,60.398
1007647.812,54.815
1009693.839,59.214
1011744.020,55.381
1013798.364,54.766
1015856.880,49.645
1017919.575,46.453
1019986.458,47.186
1022057.538,44.579
1024132.824,41.788
1026212.324,40.766
1028296.045,43.257
1030383.998,38.524
1032476.191,37.398
1034572.631,35.775
1036673.329,35.669
1038778.292,32.039
1040887.529,28.248
1043001.049,30.565
1045118.860,31.618
1047240.971,28.326
1049367.392,29.243
1051498.130,28.142
1053633.195,31.436
1055772.595,30.067
1057916.339,29.784
1060064.435,29.641
1062216.894,28.516
1064373.723,28.838
1066534.932,26.586
1068700.528,24.953
1070870.522,28.669
1073044.923,28.929
1075223.738,30.331
1077406.977,30.898
1079594.650,30.886
1081786.765,26.768
1083983.330,27.792
1086184.356,29.117
1088389.851,32.392
1090599.824,30.701
1092814.285,30.117
1095033.242,27.698
1097256.704,26.898
1099484.682,29.567
1101717.183,26.536
1103954.217,27.909
1106195.794,28.100
1108441.922,30.825
1110692.611,27.702
1112947.870,24.359
1115207.708,29.062
1117472.135,27.130
1119741.159,28.309
1122014.791,28.095
1124293.040,27.789
1126575.915,29.484
1128863.424,25.760
1131155.579,27.379
1133452.388,29.293
1135753.861,27.209
1138060.006,25.611
1140370.835,29.247
1142686.355,29.967
1145006.577,28.091
1147331.511,25.019
1149661.165,29.279
1151995.549,25.487
1154334.674,28.629
1156678.548,26.708
1159027.181,26.265
1161380.583,27.407
1163738.764,27.814
1166101.733,27.069
1168469.500,29.035
1170842.075,27.372
1173219.467,29.647
1175601.686,28.522
1177988.743,26.949
1180380.647,26.672
1182777.407,25.415
1185179.034,28.509
1187585.537,27.469
1189996.927,24.234
1192413.213,27.165
1194834.406,26.574
1197260.514,30.530
1199691.549,25.277
1202127.520,25.688
1204568.438,29.763
1207014.311,30.151
1209465.151,26.781
1211920.967,26.955
1214381.770,28.945
1216847.570,24.229
1219318.376,24.967
1221794.199,27.489
1224275.050,30.411
1226760.938,27.227
1229251.873,28.078
1231747.866,29.724
1234248.928,31.274
1236755.067,26.973
1239266.296,27.862
1241782.623,30.797
1244304.060,25.439
1246830.617,29.512
1249362.304,26.231
1251899.131,28.017
1254441.109,27.458
1256988.249,26.306
1259540.561,26.259
1262098.056,28.267
1264660.743,29.411
1267228.634,27.604
1269801.739,27.916
1272380.068,28.711
1274963.633,26.235
1277552.444,28.966
1280146.512,29.087
1282745.846,31.935
1285350.459,27.160
1287960.360,27.022
1290575.561,28.978
1293196.072,29.051
1295821.903,26.877
1298453.067,27.081
1301089.573,28.585
1303731.433,26.388
1306378.656,27.049
1309031.255,27.842
1311689.241,29.285
1314352.623,26.717
1317021.413,24.729
1319695.622,24.604
1322375.261,25.648
1325060.341,25.555
1327750.873,27.402
1330446.868,25.740
1333148.338,26.511
1335855.293,26.389
1338567.744,26.916
1341285.703,29.730
1344009.180,28.666
1346738.188,27.625
1349472.737,26.855
1352212.838,26.892
1354958.504,28.103
1357709.744,28.506
1360466.571,26.112
1363228.995,27.616
1365997.028,24.300
1368770.682,27.882
1371549.968,28.756
1374334.897,27.081
1377125.481,30.429
1379921.732,26.105
1382723.660,27.856
1385531.277,27.444
1388344.595,27.333
1391163.626,27.304
1393988.381,27.651
1396818.871,28.830
1399655.109,29.670
1402497.105,27.455
1405344.873,28.756
1408198.422,26.322
1411057.766,28.663
1413922.916,26.211
1416793.883,29.169
1419670.680,30.953
1422553.318,27.214
1425441.810,23.894
1428336.166,26.518
1431236.400,29.359
1434142.522,28.266
1437054.545,27.772
1439972.481,28.981
1442896.342,28.135
1445826.140,29.301
1448761.887,28.817
1451703.595,29.774
1454651.276,27.906
1457604.942,28.773
1460564.605,26.826
1463530.279,26.348
1466501.974,30.035
1469479.703,27.643
1472463.478,28.577
1475453.312,27.481
1478449.217,26.337
1481451.205,27.286
1484459.288,29.559
1487473.479,28.143
1490493.791,24.509
1493520.235,26.896
1496552.825,30.085
1499591.572,26.884
1502636.489,24.338
1505687.590,30.241
1508744.885,28.297
1511808.388,27.086
1514878.112,26.597
1517954.068,28.916
1521036.271,26.310
1524124.732,29.007
1527219.464,28.030
1530320.479,27.547
1533427.792,27.381
1536541.413,26.862
1539661.357,28.808
1542787.636,25.743
1545920.263,24.525
1549059.251,28.097
1552204.612,28.116
1555356.360,27.868
1558514.508,27.745
1561679.068,26.572
1564850.054,28.338
1568027.479,26.998
1571211.355,26.285
1574401.697,26.558
1577598.516,30.283
1580801.826,24.267
1584011.641,27.836
1587227.973,24.342
1590450.836,26.849
1593680.243,26.321
1596916.207,23.672
1600158.742,27.623
1603407.861,26.386
1606663.577,23.628
1609925.904,28.323
1613194.855,29.268
1616470.443,29.350
1619752.683,27.533
1623041.587,27.025
1626337.170,29.069
1629639.444,29.629
1632948.423,28.744
1636264.121,25.417
1639586.552,27.238
1642915.729,27.612
1646251.665,24.007
1649594.376,27.646
1652943.874,30.525
1656300.173,27.905
1659663.286,29.232
1663033.229,27.161
1666410.014,26.745
1669793.656,27.466
1673184.169,25.545
1676581.565,25.304
1679985.861,28.870
1683397.068,29.038
1686815.202,25.258
1690240.277,28.398
1693672.306,26.721
1697111.304,27.421
1700557.285,27.640
1704010.262,28.532
1707470.252,27.127
1710937.266,29.324
1714411.321,27.659
1717892.429,28.289
1721380.606,26.118
1724875.865,31.108
1728378.222,28.658
1731887.690,29.353
1735404.284,26.006
1738928.019,27.696
1742458.908,31.496
1745996.967,30.549
1749542.210,27.674
1753094.652,33.111
1756654.307,31.354
1760221.190,35.307
1763795.315,33.769
1767376.697,35.116
1770965.352,37.553
1774561.293,35.084
1778164.536,35.737
1781775.095,37.744
1785392.986,40.018
1789018.222,37.084
1792650.820,36.928
1796290.793,41.149
1799938.158,38.942
1803592.928,39.195
1807255.120,36.609
1810924.747,38.100
1814601.826,38.646
1818286.371,39.500
1821978.397,36.033
1825677.921,39.102
1829384.956,34.488
1833099.518,33.599
1836821.622,36.258
1840551.285,33.261
1844288.520,31.199
1848033.344,31.044
1851785.771,32.727
1855545.818,32.246
1859313.500,28.002
1863088.832,28.721
1866871.830,28.484
1870662.509,26.378
1874460.885,27.545
1878266.974,27.375
1882080.791,28.972
1885902.352,28.903
1889731.672,26.303
1893568.768,26.376
1897413.655,27.694
1901266.350,25.626
1905126.867,27.452
1908995.223,26.329
1912871.433,24.887
1916755.515,24.882
1920647.483,28.709
1924547.353,26.127
1928455.142,28.989
1932370.866,25.531
1936294.541,26.809
1940226.183,30.163
1944165.808,24.634
1948113.432,23.282
1952069.072,28.369
1956032.744,24.981
1960004.464,26.263
1963984.249,25.352
1967972.115,26.711
1971968.078,24.754
1975972.155,25.980
1979984.362,26.980
1984004.716,24.640
1988033.233,25.126
1992069.930,25.684
1996114.824,23.946
2000167.931,25.549
2004229.267,26.408
2008298.850,25.572
2012376.697,25.770
2016462.823,26.165
2020557.246,25.141
2024659.984,27.289
2028771.051,28.474
2032890.466,25.426
2037018.246,26.938
2041154.407,25.772
2045298.967,26.733
2049451.942,28.646
2053613.349,26.948
2057783.207,23.289
2061961.531,26.846
2066148.339,28.085
2070343.649,25.751
2074547.477,27.692
2078759.841,24.987
2082980.759,23.708
2087210.247,26.303
2091448.322,23.260
2095695.004,25.680
2099950.308,28.115
2104214.252,22.994
2108486.855,23.995
2112768.133,24.384
2117058.104,25.927
2121356.785,25.436
2125664.196,28.253
2129980.352,27.534
2134305.273,26.792
2138638.975,26.226
2142981.477,26.615
2147332.796,24.600
2151692.950,27.343
2156061.958,24.185
2160439.837,27.294
2164826.605,27.848
2169222.281,26.281
2173626.882,25.655
2178040.427,26.570
2182462.933,21.344
2186894.419,26.399
2191334.904,25.727
2195784.404,25.820
2200242.940,27.025
2204710.528,25.767
2209187.188,24.056
2213672.938,25.647
2218167.796,25.974
2222671.781,26.043
2227184.911,26.111
2231707.205,27.508
2236238.682,24.100
2240779.359,26.112
2245329.257,27.888
2249888.393,23.041
2254456.786,26.097
2259034.456,24.866
2263621.421,25.202
2268217.699,24.341
2272823.310,25.510
2277438.273,28.720
2282062.606,23.744
2286696.329,23.889
2291339.461,23.670
2295992.021,28.510
2300654.028,24.999
2305325.500,25.691
2310006.459,25.081
2314696.922,24.207
2319396.909,25.335
2324106.439,29.637
2328825.532,27.924
2333554.207,24.325
2338292.484,26.719
2343040.382,24.345
2347797.920,22.826
2352565.119,27.293
2357341.997,27.511
2362128.575,27.321
2366924.872,24.889
2371730.907,25.367
2376546.702,26.826
2381372.275,26.246
2386207.646,24.982
2391052.835,23.015
2395907.863,25.780
2400772.748,27.318
2405647.512,23.668
2410532.174,26.599
2415426.755,26.100
2420331.273,26.763
2425245.751,26.951
2430170.207,24.438
2435104.662,22.955
2440049.137,24.681
2445003.651,26.950
2449968.226,24.653
2454942.881,24.403
2459927.637,22.592
2464922.515,28.304
2469927.534,26.814
2474942.717,26.717
2479968.083,27.027
2485003.652,26.394
2490049.447,25.073
2495105.487,25.195
2500171.793,24.766
2505248.386,29.659
2510335.288,26.326
2515432.518,24.687
2520540.098,26.167
2525658.049,23.798
2530786.392,27.815
2535925.149,24.343
2541074.339,26.196
2546233.985,27.092
2551404.107,25.995
2556584.728,25.524
2561775.867,25.383
2566977.548,25.268
2572189.790,24.429
2577412.616,24.625
2582646.046,27.705
2587890.104,25.157
2593144.809,24.066
2598410.184,24.490
2603686.250,27.070
2608973.029,26.383
2614270.543,26.192
2619578.814,24.876
2624897.863,26.198
2630227.712,24.244
2635568.384,24.852
2640919.899,26.812
2646282.281,26.652
2651655.552,23.675
2657039.733,23.870
2662434.846,25.406
2667840.914,27.986
2673257.959,22.153
2678686.004,25.656
2684125.070,23.002
2689575.180,24.182
2695036.356,24.606
2700508.622,24.510
2705991.998,24.321
2711486.509,25.180
2716992.177,24.305
2722509.023,22.814
2728037.072,26.395
2733576.345,26.345
2739126.866,26.482
2744688.657,22.661
2750261.741,25.597
2755846.142,26.193
2761441.881,23.455
2767048.983,25.112
2772667.470,24.905
2778297.365,28.031
2783938.692,28.156
2789591.473,22.407
2795255.733,29.053
2800931.493,23.591
2806618.778,26.618
2812317.612,26.594
2818028.016,23.441
2823750.016,25.817
2829483.634,24.848
2835228.895,25.900
2840985.821,25.375
2846754.436,26.913
2852534.765,25.113
2858326.830,24.716
2864130.657,26.732
2869946.268,25.900
2875773.687,26.135
2881612.939,23.894
2887464.048,23.277
2893327.038,24.034
2899201.932,23.942
2905088.755,26.187
2910987.531,26.483
2916898.285,24.666
2922821.041,27.197
2928755.822,27.090
2934702.655,25.283
2940661.562,23.571
2946632.569,27.400
2952615.700,24.775
2958610.979,25.067
2964618.433,24.315
2970638.084,23.427
2976669.958,22.494
2982714.080,25.850
2988770.474,23.577
2994839.166,29.718
3000920.180,23.078
3007013.542,22.797
3013119.277,25.618
3019237.409,27.242
3025367.964,24.891
3031510.967,25.696
3037666.443,21.824
3043834.418,23.683
3050014.917,23.042
3056207.966,21.720
3062413.589,24.933
3068631.813,21.150
3074862.664,22.616
3081106.165,23.865
3087362.345,23.387
3093631.227,25.344
3099912.839,25.192
3106207.205,26.126
3112514.352,25.893
3118834.305,26.507
3125167.091,24.672
3131512.736,25.153
3137871.266,25.479
3144242.707,24.880
3150627.085,24.011
3157024.426,24.108
3163434.757,23.325
3169858.105,25.300
3176294.495,24.468
3182743.954,23.551
3189206.508,23.545
3195682.185,22.661
3202171.011,26.157
3208673.012,24.710
3215188.215,23.197
3221716.648,25.864
3228258.337,23.668
3234813.308,22.308
3241381.589,26.188
3247963.208,23.691
3254558.190,23.894
3261166.563,24.615
3267788.355,26.381
3274423.592,24.594
3281072.302,22.660
3287734.512,25.476
3294410.249,23.870
3301099.542,27.726
3307802.417,24.786
3314518.903,21.327
3321249.026,25.631
3327992.815,28.378
3334750.297,28.059
3341521.501,28.816
3348306.453,24.697
3355105.182,28.340
3361917.715,26.405
3368744.082,28.742
3375584.309,27.327
3382438.426,29.486
3389306.460,30.769
3396188.439,34.807
3403084.392,36.350
3409994.347,37.382
3416918.333,36.800
3423856.379,40.608
3430808.512,42.143
3437774.761,46.999
3444755.155,49.750
3451749.723,51.739
3458758.493,50.890
3465781.494,49.567
3472818.756,52.719
3479870.307,59.106
3486936.176,57.120
3494016.392,57.104
3501110.985,61.068
3508219.983,60.186
3515343.416,57.520
3522481.313,55.952
3529633.704,54.808
3536800.617,53.687
3543982.083,53.949
3551178.131,49.952
3558388.790,48.210
3565614.091,46.638
3572854.062,40.618
3580108.735,41.474
3587378.138,37.671
3594662.301,32.125
3601961.255,30.913
3609275.029,31.032
3616603.654,32.036
3623947.160,30.078
3631305.577,29.078
3638678.935,30.960
3646067.265,25.018
3653470.596,26.353
3660888.960,26.354
3668322.387,24.263
3675770.908,25.150
3683234.553,22.281
3690713.352,26.893
3698207.338,23.390
3705716.539,27.613
3713240.989,24.221
3720780.716,25.851
3728335.753,24.072
3735906.131,24.070
3743491.880,23.157
3751093.032,24.260
3758709.618,24.561
3766341.670,22.784
3773989.219,23.827
3781652.295,23.041
3789330.932,27.688
3797025.160,23.857
3804735.011,26.465
3812460.518,23.672
3820201.710,24.393
3827958.621,21.856
3835731.283,23.248
3843519.727,24.293
3851323.985,26.487
3859144.090,24.297
3866980.074,26.149
3874831.968,24.953
3882699.806,26.525
3890583.620,23.819
3898483.441,27.731
3906399.303,23.123
3914331.238,22.666
3922279.279,21.950
3930243.459,27.608
3938223.810,25.183
3946220.364,23.330
3954233.156,25.856
3962262.218,24.951
3970307.583,26.989
3978369.284,21.360
3986447.354,23.405
3994541.826,23.082
4002652.735,20.657
4010780.112,25.505
4018923.992,23.368
4027084.409,24.977
4035261.395,27.563
4043454.984,23.215
4051665.211,23.099
4059892.108,23.956
4068135.710,25.338
4076396.051,22.845
4084673.164,22.735
4092967.084,25.429
4101277.844,24.336
4109605.480,20.452
4117950.025,21.756
4126311.514,26.111
4134689.980,24.345
4143085.459,22.476
4151497.985,23.416
4159927.592,23.702
4168374.316,24.851
4176838.191,21.494
4185319.252,22.315
4193817.533,24.090
4202333.071,23.486
4210865.899,24.554
4219416.053,21.665
4227983.568,24.196
4236568.479,25.364
4245170.822,24.390
4253790.632,23.826
4262427.945,23.443
4271082.795,22.254
4279755.220,23.467
4288445.253,25.591
4297152.932,23.378
4305878.291,22.138
4314621.368,22.767
4323382.197,23.869
4332160.815,22.943
4340957.258,24.310
4349771.562,24.363
4358603.764,24.942
4367453.899,25.790
4376322.005,25.098
4385208.117,22.003
4394112.273,22.045
4403034.508,23.363
4411974.860,22.755
4420933.365,21.649
4429910.061,22.756
4438904.983,22.697
4447918.170,22.374
4456949.658,22.936
4465999.485,25.320
4475067.687,23.746
4484154.302,27.375
4493259.367,23.686
4502382.921,22.942
4511524.999,23.406
4520685.641,23.803
4529864.883,24.082
4539062.764,26.701
4548279.321,22.019
4557514.592,24.739
4566768.615,23.689
4576041.429,20.836
4585333.071,24.576
4594643.580,25.364
4603972.994,21.957
4613321.351,23.308
4622688.689,20.554
4632075.049,21.294
4641480.467,24.978
4650904.983,22.547
4660348.635,21.513
4669811.463,23.647
4679293.505,22.437
4688794.800,22.512
4698315.388,24.441
4707855.307,21.393
4717414.597,21.796
4726993.296,23.484
4736591.446,24.781
4746209.085,25.204
4755846.252,22.152
4765502.987,24.709
4775179.330,21.947
4784875.322,26.117
4794591.000,21.374
4804326.407,25.306
4814081.581,22.123
4823856.563,26.388
4833651.393,24.106
4843466.112,21.527
4853300.759,22.310
4863155.376,24.388
4873030.002,24.816
4882924.679,23.011
4892839.447,23.189
4902774.346,24.324
4912729.419,23.314
4922704.705,21.027
4932700.246,21.789
4942716.083,23.458
4952752.258,25.020
4962808.810,25.654
4972885.782,24.308
4982983.216,23.514
4993101.153,24.245
5003239.634,21.973
5013398.701,22.788
5023578.396,21.707
5033778.761,21.021
5043999.837,23.545
5054241.668,23.302
5064504.295,24.098
5074787.759,23.864
5085092.105,23.372
5095417.373,23.867
5105763.607,22.901
5116130.849,23.623
5126519.141,21.794
5136928.527,23.540
5147359.049,24.011
5157810.750,21.863
5168283.674,23.010
5178777.862,21.922
5189293.360,22.071
5199830.208,21.106
5210388.452,24.924
5220968.134,24.597
5231569.299,23.745
5242191.989,26.033
5252836.248,22.568
5263502.121,27.715
5274189.650,22.493
5284898.881,23.258
5295629.856,22.206
5306382.621,23.431
5317157.219,24.165
5327953.695,22.639
5338772.094,25.657
5349612.459,23.190
5360474.835,23.233
5371359.267,21.339
5382265.801,23.456
5393194.479,22.565
5404145.349,21.799
5415118.454,21.523
5426113.840,27.033
5437131.553,22.329
5448171.636,20.413
5459234.137,21.620
5470319.100,22.647
5481426.571,23.597
5492556.595,23.603
5503709.219,23.791
5514884.489,21.670
5526082.450,23.239
5537303.148,21.286
5548546.630,21.689
5559812.942,21.205
5571102.130,20.765
5582414.240,24.362
5593749.320,23.754
5605107.416,24.208
5616488.574,22.701
5627892.842,23.874
5639320.266,19.806
5650770.893,23.998
5662244.771,22.893
5673741.947,23.606
5685262.467,23.204
5696806.380,21.010
5708373.733,20.185
5719964.574,21.436
5731578.949,23.472
5743216.908,23.665
5754878.497,20.365
5766563.765,20.977
5778272.760,21.382
5790005.530,21.961
5801762.124,20.346
5813542.589,20.243
5825346.975,21.196
5837175.329,22.642
5849027.701,20.608
5860904.138,22.305
5872804.691,24.177
5884729.408,20.393
5896678.339,22.139
5908651.531,24.102
5920649.035,21.786
5932670.900,21.530
5944717.175,24.302
5956787.910,21.944
5968883.155,24.194
5981002.959,23.106
5993147.373,21.864
6005316.445,23.173
6017510.227,22.911
6029728.768,24.025
6041972.119,21.507
6054240.330,22.443
6066533.452,22.272
6078851.535,23.490
6091194.630,20.716
6103562.787,23.976
6115956.058,23.088
6128374.493,20.228
6140818.144,24.261
6153287.062,25.896
6165781.298,23.917
6178300.903,24.590
6190845.930,22.437
6203416.429,19.634
6216012.452,19.335
6228634.052,22.687
6241281.280,21.325
6253954.188,20.801
6266652.828,22.157
6279377.253,23.236
6292127.514,19.919
6304903.665,21.518
6317705.758,24.645
6330533.846,20.502
6343387.981,23.607
6356268.217,21.433
6369174.605,23.075
6382107.200,23.950
6395066.055,23.373
6408051.223,23.635
6421062.757,20.331
6434100.710,23.949
6447165.138,20.796
6460256.092,22.569
6473373.628,22.561
6486517.799,22.919
6499688.659,22.677
6512886.263,20.785
6526110.664,19.974
6539361.917,23.531
6552640.077,22.438
6565945.199,23.991
6579277.336,22.099
6592636.544,19.951
6606022.878,23.788
6619436.393,21.710
6632877.144,22.934
6646345.187,21.465
6659840.576,25.284
6673363.368,21.449
6686913.617,22.566
6700491.381,23.600
6714096.714,22.082
6727729.673,24.850
6741390.313,27.494
6755078.691,24.836
6768794.864,27.079
6782538.887,22.999
6796310.817,28.413
6810110.711,29.176
6823938.626,29.682
6837794.618,34.137
6851678.745,33.377
6865591.064,35.158
6879531.632,36.399
6893500.506,35.476
6907497.743,38.209
6921523.402,42.931
6935577.540,39.242
6949660.215,42.430
6963771.485,43.831
6977911.408,47.824
6992080.042,46.556
7006277.445,44.444
7020503.676,47.149
7034758.793,43.330
7049042.855,45.329
7063355.921,40.512
7077698.050,43.184
7092069.300,39.445
7106469.732,36.968
7120899.403,36.717
7135358.373,35.934
7149846.703,33.138
7164364.451,33.301
7178911.677,30.043
7193488.442,30.627
7208094.804,29.113
7222730.825,27.201
7237396.564,25.613
7252092.082,25.707
7266817.439,25.612
7281572.696,27.410
7296357.913,25.097
7311173.152,24.730
7326018.473,27.765
7340893.937,23.373
7355799.606,23.104
7370735.541,23.284
7385701.804,20.411
7400698.455,21.214
7415725.557,21.037
7430783.171,22.824
7445871.360,21.465
7460990.186,21.931
7476139.710,23.424
7491319.995,23.045
7506531.104,21.389
7521773.099,20.563
7537046.043,23.440
7552349.998,22.852
7567685.028,19.035
7583051.196,21.096
7598448.565,21.854
7613877.198,22.828
7629337.159,23.031
7644828.511,22.021
7660351.319,22.496
7675905.645,21.656
7691491.555,20.468
7707109.112,21.121
7722758.380,21.562
7738439.424,21.469
7754152.308,18.501
7769897.097,20.875
7785673.856,21.594
7801482.650,21.046
7817323.543,21.095
7833196.601,22.263
7849101.890,19.749
7865039.474,18.863
7881009.420,20.904
7897011.792,22.677
7913046.657,24.147
7929114.081,22.692
7945214.130,19.084
7961346.869,21.054
7977512.367,21.830
7993710.688,21.696
8009941.900,22.268
8026206.070,19.931
8042503.263,21.495
8058833.549,22.056
8075196.992,22.698
8091593.662,20.081
8108023.625,20.810
8124486.950,17.029
8140983.702,20.354
8157513.952,20.502
8174077.766,19.703
8190675.213,21.592
8207306.361,21.231
8223971.279,17.699
8240670.034,21.651
8257402.697,19.814
8274169.335,22.069
8290970.017,19.234
8307804.814,21.326
8324673.793,20.818
8341577.025,21.749
8358514.579,21.456
8375486.525,20.842
8392492.932,18.785
8409533.870,18.872
8426609.410,20.294
8443719.622,21.208
8460864.576,20.241
8478044.343,22.208
8495258.994,20.754
8512508.598,19.649
8529793.228,20.741
8547112.955,21.541
8564467.849,21.692
8581857.982,24.171
8599283.426,20.088
8616744.252,21.034
8634240.532,21.826
8651772.339,21.100
8669339.743,20.329
8686942.819,18.644
8704581.637,20.299
8722256.271,19.391
8739966.793,18.339
8757713.277,19.822
8775495.794,19.412
8793314.419,22.015
8811169.225,22.035
8829060.284,19.620
8846987.672,20.643
8864951.461,18.079
8882951.726,20.255
8900988.540,21.677
8919061.977,22.351
8937172.113,19.883
8955319.021,22.700
8973502.777,18.585
8991723.455,19.007
9009981.129,22.132
9028275.876,23.663
9046607.771,21.772
9064976.888,20.910
9083383.304,17.456
9101827.093,17.725
9120308.333,21.161
9138827.099,20.374
9157383.468,19.170
9175977.515,21.038
9194609.317,21.110
9213278.951,22.430
9231986.494,21.130
9250732.022,22.870
9269515.613,20.910
9288337.344,20.706
9307197.293,22.586
9326095.536,19.311
9345032.153,25.372
9364007.220,21.463
9383020.816,21.465
9402073.020,21.688
9421163.908,23.845
9440293.561,22.102
9459462.056,18.259
9478669.473,23.066
9497915.891,20.267
9517201.388,20.977
9536526.045,18.752
9555889.940,21.634
9575293.153,19.743
9594735.765,20.938
9614217.855,20.316
9633739.503,23.844
9653300.790,23.928
9672901.796,20.824
9692542.602,20.845
9712223.288,20.138
9731943.937,22.498
9751704.627,20.195
9771505.442,20.040
9791346.463,22.273
9811227.770,19.839
9831149.447,20.633
9851111.574,18.156
9871114.234,21.806
9891157.510,23.777
9911241.484,21.819
9931366.238,22.997
9951531.855,19.297
9971738.419,21.022
9991986.012,19.128
10012274.717,20.265
10032604.619,21.858
10052975.801,20.778
10073388.346,18.348
10093842.339,18.497
10114337.864,18.385
10134875.005,21.374
10155453.846,23.883
10176074.473,22.753
10196736.970,17.533
10217441.422,22.833
10238187.914,22.050
10258976.532,18.073
10279807.362,20.053
10300680.488,22.284
10321595.997,21.405
10342553.975,18.422
10363554.508,21.487
10384597.683,17.083
10405683.586,20.139
10426812.303,22.309
10447983.923,20.511
10469198.531,19.676
10490456.216,21.891
10511757.064,22.020
10533101.164,22.550
10554488.603,21.845
10575919.469,22.170
10597393.850,21.605
10618911.835,20.850
10640473.512,20.561
10662078.970,20.032
10683728.298,18.464
10705421.585,18.869
10727158.920,19.939
10748940.392,20.769
10770766.092,22.681
10792636.109,20.302
10814550.533,21.967
10836509.454,22.082
10858512.963,19.977
10880561.150,21.292
10902654.105,19.944
10924791.920,22.442
10946974.686,21.337
10969202.495,18.408
10991475.436,20.564
11013793.603,22.935
11036157.087,20.001
11058565.979,21.001
11081020.373,21.151
11103520.361,18.612
11126066.035,21.080
11148657.487,18.026
11171294.812,19.248
11193978.101,21.963
11216707.449,20.806
11239482.949,19.741
11262304.695,20.935
11285172.780,20.118
11308087.298,20.227
11331048.345,21.251
11354056.013,19.029
11377110.399,20.250
11400211.597,19.679
11423359.702,17.635
11446554.808,18.692
11469797.013,22.667
11493086.410,20.766
11516423.097,18.026
11539807.169,17.672
11563238.722,19.950
11586717.853,22.620
11610244.658,19.816
11633819.234,22.199
11657441.679,20.664
11681112.089,20.848
11704830.561,17.950
11728597.194,21.580
11752412.085,19.537
11776275.332,21.447
11800187.033,18.756
11824147.287,20.335
11848156.192,20.608
11872213.847,19.791
11896320.351,20.678
11920475.803,19.597
11944680.303,18.978
11968933.951,22.578
11993236.845,21.681
12017589.086,18.778
12041990.774,20.898
12066442.010,18.793
12090942.894,18.079
12115493.527,21.621
12140094.010,17.234
12164744.444,21.436
12189444.931,19.542
12214195.572,19.601
12238996.469,20.588
12263847.725,20.855
12288749.441,18.596
12313701.720,21.059
12338704.664,20.085
12363758.377,17.887
12388862.961,19.618
12414018.520,22.093
12439225.157,22.558
12464482.977,21.016
12489792.082,17.957
12515152.577,20.639
12540564.567,21.209
12566028.156,21.001
12591543.449,21.089
12617110.550,20.407
12642729.565,19.703
12668400.600,18.839
12694123.759,16.768
12719899.150,20.341
12745726.877,20.089
12771607.048,20.676
12797539.768,17.637
12823525.144,20.802
12849563.284,23.050
12875654.294,19.881
12901798.282,19.650
12927995.355,20.236
12954245.621,22.986
12980549.188,18.090
13006906.165,20.046
13033316.659,18.434
13059780.780,18.831
13086298.636,19.620
13112870.337,21.848
13139495.991,22.567
13166175.709,20.395
13192909.600,19.069
13219697.774,23.653
13246540.341,18.973
13273437.412,18.736
13300389.098,16.803
13327395.509,21.870
13354456.756,21.178
13381572.951,23.490
13408744.206,17.392
13435970.631,21.941
13463252.340,19.713
13490589.445,20.883
13517982.057,16.950
13545430.290,21.929
13572934.256,20.831
13600494.070,19.503
13628109.843,20.591
13655781.690,18.327
13683509.725,18.617
13711294.061,18.796
13739134.814,16.566
13767032.097,20.903
13794986.025,21.424
13822996.714,18.389
13851064.279,20.063
13879188.834,19.076
13907370.497,20.023
13935609.382,18.492
13963905.606,18.084
13992259.286,21.186
14020670.538,19.412
14049139.478,22.769
14077666.225,19.638
14106250.896,18.129
14134893.607,21.642
14163594.478,20.784
14192353.625,21.071
14221171.168,21.995
14250047.225,19.287
14278981.914,20.447
14307975.356,20.788
14337027.668,19.523
14366138.972,21.826
14395309.385,25.202
14424539.029,24.439
14453828.024,23.100
14483176.490,24.178
14512584.548,30.976
14542052.319,30.054
14571579.925,31.289
14601167.486,34.245
14630815.124,34.889
14660522.962,42.278
14690291.122,42.257
14720119.726,48.039
14750008.897,48.912
14779958.757,54.035
14809969.431,54.936
14840041.042,58.446
14870173.712,60.483
14900367.567,62.205
14930622.731,63.199
14960939.328,63.213
14991317.482,67.068
15021757.319,62.428
15052258.965,63.226
15082822.544,62.070
15113448.182,61.046
15144136.005,57.655
15174886.140,56.440
15205698.713,52.991
15236573.851,47.868
15267511.680,47.447
15298512.329,42.675
15329575.925,38.709
15360702.595,38.856
15391892.468,36.727
15423145.672,34.293
15454462.336,32.083
15485842.587,26.046
15517286.557,25.164
15548794.373,28.941
15580366.166,22.776
15612002.065,24.309
15643702.201,21.302
15675466.704,21.768
15707295.705,20.014
15739189.334,21.437
15771147.724,20.374
15803171.005,19.140
15835259.309,17.948
15867412.768,19.884
15899631.515,17.385
15931915.682,19.912
15964265.401,23.358
15996680.807,21.263
16029162.033,20.212
16061709.211,18.896
16094322.476,15.909
16127001.963,16.877
16159747.805,21.032
16192560.137,17.704
16225439.095,17.839
16258384.813,18.683
16291397.428,17.241
16324477.075,16.970
16357623.890,18.844
16390838.009,17.491
16424119.570,17.725
16457468.708,17.653
16490885.563,19.732
16524370.269,18.518
16557922.967,18.596
16591543.793,19.830
16625232.887,18.641
16658990.385,18.416
16692816.429,19.606
16726711.156,19.916
16760674.706,18.604
16794707.219,18.962
16828808.836,17.575
16862979.695,17.441
16897219.938,20.042
16931529.706,19.516
16965909.140,19.526
17000358.381,19.240
17034877.572,18.857
17069466.853,19.890
17104126.368,20.265
17138856.259,20.220
17173656.669,18.594
17208527.741,20.967
17243469.619,19.106
17278482.447,19.746
17313566.367,19.178
17348721.526,19.115
17383948.067,17.536
17419246.135,19.828
17454615.876,23.251
17490057.435,18.092
17525570.959,18.798
17561156.592,17.964
17596814.482,17.890
17632544.775,21.135
17668347.618,17.580
17704223.160,17.891
17740171.546,16.102
17776192.925,17.423
17812287.446,15.895
17848455.256,19.632
17884696.506,23.094
17921011.343,18.020
17957399.917,15.933
17993862.378,20.033
18030398.876,17.423
18067009.561,20.658
18103694.585,18.121
18140454.097,17.554
18177288.249,18.273
18214197.193,19.763
18251181.080,18.180
18288240.063,17.742
18325374.295,18.211
18362583.927,16.488
18399869.113,19.151
18437230.007,15.650
18474666.762,17.791
18512179.533,19.709
18549768.472,18.972
18587433.737,19.425
18625175.480,18.369
18662993.858,20.338
18700889.026,19.939
18738861.140,19.166
18776910.357,19.929
18815036.832,19.639
18853240.723,17.728
18891522.187,16.274
18929881.381,19.089
18968318.464,19.283
19006833.593,20.147
19045426.927,16.898
19084098.624,16.938
19122848.844,19.117
19161677.747,18.261
19200585.492,15.350
19239572.238,18.961
19278638.148,15.389
19317783.380,16.834
19357008.097,20.502
19396312.459,21.252
19435696.629,16.380
19475160.768,17.791
19514705.040,18.379
19554329.605,21.154
19594034.629,17.508
19633820.273,17.527
19673686.702,20.761
19713634.080,17.676
19753662.570,19.424
19793772.339,15.898
19833963.550,17.981
19874236.370,15.592
19914590.963,16.552
19955027.496,19.576
19995546.136,18.147
20036147.048,17.709
20076830.401,17.014
20117596.361,17.852
20158445.096,18.680
20199376.775,19.764
20240391.565,13.984
20281489.636,16.846
20322671.156,18.425
20363936.295,18.005
20405285.223,18.801
20446718.110,18.577
20488235.126,17.654
20529836.442,17.292
20571522.230,17.735
20613292.661,19.959
20655147.906,16.943
20697088.139,18.006
20739113.531,18.393
20781224.255,20.589
20823420.486,17.605
20865702.395,19.613
20908070.158,20.043
20950523.949,17.962
20993063.942,17.720
21035690.312,17.524
21078403.235,17.634
21121202.886,19.403
21164089.443,18.399
21207063.080,18.399
21250123.975,16.215
21293272.305,16.460
21336508.247,21.430
21379831.981,17.709
21423243.683,16.747
21466743.532,20.270
21510331.707,18.424
21554008.389,18.891
21597773.756,17.738
21641627.988,17.442
21685571.266,17.673
21729603.771,15.725
21773725.683,17.790
21817937.186,18.397
21862238.459,20.877
21906629.686,18.047
21951111.050,14.168
21995682.733,17.745
22040344.918,22.271
22085097.790,19.267
22129941.533,16.577
22174876.330,18.813
22219902.368,16.673
22265019.831,15.687
22310228.905,17.289
22355529.776,17.985
22400922.630,14.836
22446407.654,15.986
22491985.036,17.834
22537654.962,17.158
22583417.621,18.435
22629273.201,15.853
22675221.890,18.932
22721263.879,15.888
22767399.355,20.404
22813628.510,15.023
22859951.532,16.013
22906368.614,18.422
22952879.945,20.410
22999485.717,18.244
23046186.122,18.634
23092981.353,17.754
23139871.601,16.077
23186857.059,16.928
23233937.921,15.766
23281114.381,15.652
23328386.633,18.334
23375754.871,15.887
23423219.290,18.188
23470780.085,15.587
23518437.453,18.137
23566191.588,16.874
23614042.689,19.899
23661990.950,18.159
23710036.571,19.612
23758179.748,16.418
23806420.680,17.710
23854759.565,16.044
23903196.602,16.945
23951731.990,17.180
24000365.930,16.431
24049098.620,15.640
24097930.262,15.316
24146861.056,13.827
24195891.205,15.874
24245020.909,18.561
24294250.370,14.992
24343579.792,15.354
24393009.378,20.401
24442539.330,16.510
24492169.852,18.035
24541901.149,18.542
24591733.426,18.568
24641666.887,15.065
24691701.737,17.124
24741838.183,14.897
24792076.431,21.394
24842416.688,14.921
24892859.161,15.789
24943404.057,15.793
24994051.584,15.057
25044801.951,19.608
25095655.366,21.313
25146612.039,16.669
25197672.180,15.310
25248835.998,13.837
25300103.704,17.018
25351475.509,16.896
25402951.624,16.353
25454532.262,17.742
25506217.634,18.013
25558007.953,17.891
25609903.432,16.861
25661904.284,15.597
25714010.725,18.419
25766222.967,17.367
25818541.226,18.762
25870965.717,18.599
25923496.657,15.055
25976134.260,15.031
26028878.743,16.114
26081730.324,15.633
26134689.221,18.535
26187755.650,17.896
26240929.830,19.108
26294211.980,18.008
26347602.320,17.744
26401101.069,19.384
26454708.447,18.293
26508424.674,17.757
26562249.972,20.161
26616184.562,18.170
26670228.667,17.752
26724382.507,17.225
26778646.307,20.105
26833020.290,21.479
26887504.679,20.059
26942099.698,23.010
26996805.572,18.695
27051622.527,22.853
27106550.787,24.146
27161590.579,24.494
27216742.129,31.096
27272005.664,28.968
27327381.412,30.365
27382869.600,33.125
27438470.456,32.035
27494184.210,36.225
27550011.091,41.210
27605951.328,40.764
27662005.152,42.455
27718172.792,47.705
27774454.481,49.342
27830850.450,49.319
27887360.931,48.718
27943986.156,49.645
28000726.359,48.930
28057581.772,48.412
28114552.630,47.727
28171639.168,47.431
28228841.619,45.449
28286160.220,42.994
28343595.206,43.998
28401146.814,41.993
28458815.281,42.189
28516600.842,36.188
28574503.738,35.516
28632524.205,33.375
28690662.483,30.390
28748918.810,30.034
28807293.426,28.281
28865786.572,25.931
28924398.489,23.541
28983129.416,22.099
29041979.597,19.379
29100949.273,19.338
29160038.686,18.845
29219248.081,17.391
29278577.700,19.362
29338027.788,20.146
29397598.589,16.440
29457290.348,18.081
29517103.312,15.767
29577037.725,16.776
29637093.835,16.039
29697271.889,18.017
29757572.135,15.900
29817994.820,18.554
29878540.193,16.504
29939208.503,15.829
30000000.000,14.841
