Frequency_Hz,Level_dBuA_m
9000.0,34.46
9247.5,35.47
9501.8,32.98
9763.1,35.55
10031.6,34.07
10307.5,36.02
10591.0,31.70
10882.2,33.56
11181.5,32.41
11489.0,33.37
11805.0,34.59
12129.6,34.01
12463.2,33.85
12805.9,33.89
13158.1,34.25
13520.0,32.73
13891.8,34.72
14273.8,34.59
14666.4,34.19
15069.7,34.32
15484.1,33.94
15909.9,35.96
16347.5,33.34
16797.1,33.01
17259.0,32.40
17733.6,31.99
18221.3,31.67
18722.4,32.02
19237.3,32.94
19766.3,33.35
20309.9,32.94
20868.5,31.89
21442.4,33.82
22032.1,33.55
22638.0,32.40
23260.5,31.74
23900.2,33.11
24557.5,32.61
25232.8,30.58
25926.8,32.16
26639.8,32.49
27372.4,31.02
28125.2,32.26
28898.6,30.21
29693.4,33.49
30510.0,33.32
31349.0,31.45
32211.1,32.11
33097.0,28.71
34007.2,30.15
34942.4,31.11
35903.3,30.11
36890.7,32.18
37905.2,33.65
38947.7,29.77
40018.8,30.11
41119.3,31.32
42250.1,32.90
43412.0,29.43
44605.9,31.13
45832.6,32.94
47093.1,28.71
48388.2,29.08
49718.9,30.04
51086.2,29.85
52491.1,31.38
53934.7,30.62
55417.9,28.13
56941.9,30.81
58507.9,29.43
60116.9,31.58
61770.2,29.23
63468.9,29.15
65214.4,30.49
67007.8,30.68
68850.6,30.24
70744.1,27.60
72689.6,30.20
74688.6,28.24
76742.6,29.70
78853.1,27.64
81021.6,29.81
83249.8,28.24
85539.2,27.59
87891.6,29.92
90308.7,29.28
92792.3,28.18
95344.2,30.59
97966.2,28.25
100660.4,28.75
103428.6,28.96
106273.0,27.82
109195.6,29.06
112198.6,27.79
115284.2,27.86
118454.6,29.92
121712.2,26.96
125059.4,25.25
128498.6,30.01
132032.4,31.06
135663.4,27.44
139394.3,25.54
143227.8,27.42
147166.7,27.38
151213.9,27.42
155372.4,26.24
159645.3,28.20
164035.7,28.07
168546.8,25.57
173182.0,28.13
177944.6,29.69
182838.3,27.36
187866.5,26.68
193033.0,26.84
198341.5,27.68
203796.1,24.79
209400.7,27.00
215159.4,26.26
221076.5,28.88
227156.2,26.38
233403.2,28.52
239822.0,25.12
246417.4,27.08
253194.1,26.69
260157.1,25.19
267311.7,26.38
274663.0,27.55
282216.4,25.63
289977.6,23.92
297952.3,25.86
306146.2,24.73
314565.5,25.33
323216.4,25.57
332105.1,23.55
341238.3,23.59
350622.6,26.03
360265.1,24.76
370172.7,22.24
380352.7,26.19
390812.8,25.50
401560.5,24.25
412603.7,23.45
423950.7,25.96
435609.7,25.31
447589.4,27.68
459898.5,25.25
472546.1,25.14
485541.5,24.41
498894.3,25.52
512614.4,25.22
526711.7,25.90
541196.8,23.70
556080.1,23.73
571372.8,23.61
587086.1,25.06
603231.5,25.84
619820.9,23.42
636866.5,23.39
654380.9,24.21
672376.9,23.46
690867.9,24.83
709867.4,20.92
729389.4,22.56
749448.2,22.54
770058.7,20.62
791236.0,22.18
812995.7,22.17
835353.8,22.95
858326.7,24.46
881931.5,22.76
906185.4,21.75
931106.3,22.84
956712.5,24.10
983022.9,21.60
1010056.9,21.61
1037834.4,23.30
1066375.8,22.29
1095702.0,23.26
1125834.8,22.40
1156796.3,23.19
1188609.2,21.03
1221297.0,22.19
1254883.7,21.88
1289394.1,20.60
1324853.6,20.12
1361288.2,22.74
1398724.9,21.43
1437191.0,20.55
1476715.1,21.59
1517326.0,22.99
1559053.8,18.83
1601929.2,19.70
1645983.6,20.32
1691249.6,23.11
1737760.5,21.62
1785550.5,22.14
1834654.7,19.78
1885109.3,19.73
1936951.5,21.54
1990219.3,21.00
2044952.1,21.52
2101190.1,20.57
2158974.7,21.05
2218348.4,20.84
2279354.9,21.51
2342039.2,21.48
2406447.3,18.49
2472626.8,17.67
2540626.2,21.50
2610495.6,21.65
2682286.6,18.93
2756051.8,17.85
2831845.7,20.13
2909723.9,21.06
2989743.9,22.03
3071964.5,20.42
3156446.2,19.28
3243251.3,18.59
3332443.5,19.60
3424088.7,19.16
3518254.1,18.23
3615009.2,21.84
3714425.2,21.45
3816575.1,20.60
3921534.3,18.06
4029379.9,20.12
4140191.4,19.79
4254050.4,19.48
4371040.5,20.38
4491248.0,19.57
4614761.2,19.63
4741671.2,19.43
4872071.4,19.01
5006057.6,16.39
5143728.6,18.56
5285185.7,17.72
5430533.0,16.78
5579877.4,20.26
5733329.0,20.25
5891000.6,19.74
6053008.3,18.34
6219471.3,19.58
6390512.3,17.91
6566257.0,18.06
6746834.9,16.44
6932378.8,18.16
7123025.3,17.68
7318914.8,15.98
7520191.4,17.41
7727003.3,17.30
7939502.7,19.48
8157846.0,18.33
8382194.0,17.20
8612711.7,17.41
8849568.9,17.10
9092939.8,16.73
9343003.7,15.60
9599944.5,16.65
9863951.4,15.87
10135218.8,15.19
10413946.2,17.23
10700338.9,17.02
10994607.7,14.33
11296969.1,16.26
11607645.7,17.53
11926866.2,17.54
12254865.5,17.43
12591885.1,16.17
12938173.1,15.04
13293984.2,14.68
13659580.5,16.33
14035231.0,16.30
14421212.3,17.32
14817808.3,17.02
15225311.1,15.47
15644020.6,14.07
16074244.9,15.11
16516300.9,15.68
16970513.7,15.10
17437217.8,14.58
17916756.6,15.51
18409483.2,14.53
18915760.3,14.31
19435960.3,15.37
19970466.4,14.44
20519671.8,15.15
21083980.9,15.11
21663808.9,13.34
22259582.8,14.06
22871740.9,16.29
23500734.0,13.10
24147024.9,11.89
24811089.3,12.12
25493416.2,14.32
26194507.6,14.25
26914879.6,14.00
27655062.6,15.53
28415601.2,10.80
29197055.2,14.41
30000000.0,15.74
